TYPH_ID,PID,DATETIME,STATUS,CNAME,ENAME,TYPHNO,LON,LAT,MAXWIND,GUST,PRESSURE,WIND7,WIND10,POINT,LN_COLOR,LN_THICK,LN_STYLE,PT_COLOR,PT_THICK
DOLPHIN_obs_2026080717,0,2026-07-27 08:00,past,白海豚,DOLPHIN,202613,178.40,12.90,15,23,0,0,0,1,,-999,-999,,-999
DOLPHIN_obs_2026080717,1,2026-07-27 14:00,past,白海豚,DOLPHIN,202613,177.00,13.30,18,25,0,80,0,1,,-999,-999,,-999
DOLPHIN_obs_2026080717,2,2026-07-27 20:00,past,白海豚,DOLPHIN,202613,175.10,13.60,18,25,0,80,0,1,,-999,-999,,-999
DOLPHIN_obs_2026080717,3,2026-07-28 02:00,past,白海豚,DOLPHIN,202613,173.50,13.50,25,33,0,100,0,1,,-999,-999,,-999
DOLPHIN_obs_2026080717,4,2026-07-28 08:00,past,白海豚,DOLPHIN,202613,172.70,13.00,28,35,0,120,0,1,,-999,-999,,-999
DOLPHIN_obs_2026080717,5,2026-07-28 14:00,past,白海豚,DOLPHIN,202613,171.60,13.20,35,45,0,120,40,1,,-999,-999,,-999
DOLPHIN_obs_2026080717,6,2026-07-28 20:00,past,白海豚,DOLPHIN,202613,170.70,13.50,40,50,0,150,50,1,,-999,-999,,-999
DOLPHIN_obs_2026080717,7,2026-07-29 02:00,past,白海豚,DOLPHIN,202613,169.90,13.70,48,58,0,200,110,1,,-999,-999,,-999
DOLPHIN_obs_2026080717,8,2026-07-29 08:00,past,白海豚,DOLPHIN,202613,169.10,14.10,48,58,0,200,100,1,,-999,-999,,-999
DOLPHIN_obs_2026080717,9,2026-07-29 14:00,past,白海豚,DOLPHIN,202613,168.20,14.70,48,58,0,200,100,1,,-999,-999,,-999
DOLPHIN_obs_2026080717,10,2026-07-29 20:00,past,白海豚,DOLPHIN,202613,167.60,15.20,55,68,0,200,100,1,,-999,-999,,-999
DOLPHIN_obs_2026080717,11,2026-07-30 02:00,past,白海豚,DOLPHIN,202613,166.70,15.80,60,75,0,200,100,1,,-999,-999,,-999
DOLPHIN_obs_2026080717,12,2026-07-30 08:00,past,白海豚,DOLPHIN,202613,165.70,16.40,60,75,0,220,100,1,,-999,-999,,-999
DOLPHIN_obs_2026080717,13,2026-07-30 14:00,past,白海豚,DOLPHIN,202613,164.90,16.70,60,75,0,220,100,1,,-999,-999,,-999
DOLPHIN_obs_2026080717,14,2026-07-30 20:00,past,白海豚,DOLPHIN,202613,163.80,17.40,60,75,0,220,100,1,,-999,-999,,-999
DOLPHIN_obs_2026080717,15,2026-07-31 02:00,past,白海豚,DOLPHIN,202613,163.00,17.80,60,75,0,220,100,1,,-999,-999,,-999
DOLPHIN_obs_2026080717,16,2026-07-31 08:00,past,白海豚,DOLPHIN,202613,161.90,18.20,60,75,0,250,120,1,,-999,-999,,-999
DOLPHIN_obs_2026080717,17,2026-07-31 14:00,past,白海豚,DOLPHIN,202613,160.90,18.60,60,75,0,250,120,1,,-999,-999,,-999
DOLPHIN_obs_2026080717,18,2026-07-31 20:00,past,白海豚,DOLPHIN,202613,160.10,19.10,55,68,0,300,160,1,,-999,-999,,-999
DOLPHIN_obs_2026080717,19,2026-08-01 02:00,past,白海豚,DOLPHIN,202613,159.10,19.80,55,68,0,300,160,1,,-999,-999,,-999
DOLPHIN_obs_2026080717,20,2026-08-01 08:00,past,白海豚,DOLPHIN,202613,158.30,20.10,53,65,0,300,160,1,,-999,-999,,-999
DOLPHIN_obs_2026080717,21,2026-08-01 14:00,past,白海豚,DOLPHIN,202613,157.50,20.80,51,63,0,300,160,1,,-999,-999,,-999
DOLPHIN_obs_2026080717,22,2026-08-01 20:00,past,白海豚,DOLPHIN,202613,156.20,21.50,51,63,0,300,160,1,,-999,-999,,-999
DOLPHIN_obs_2026080717,23,2026-08-02 02:00,past,白海豚,DOLPHIN,202613,155.00,22.10,51,63,0,300,160,1,,-999,-999,,-999
DOLPHIN_obs_2026080717,24,2026-08-02 08:00,past,白海豚,DOLPHIN,202613,153.40,22.70,51,63,0,320,180,1,,-999,-999,,-999
DOLPHIN_obs_2026080717,25,2026-08-02 14:00,past,白海豚,DOLPHIN,202613,152.20,23.20,48,58,0,320,180,1,,-999,-999,,-999
DOLPHIN_obs_2026080717,26,2026-08-02 20:00,past,白海豚,DOLPHIN,202613,150.80,23.50,45,55,0,320,180,1,,-999,-999,,-999
DOLPHIN_obs_2026080717,27,2026-08-03 02:00,past,白海豚,DOLPHIN,202613,149.50,23.90,45,55,0,320,180,1,,-999,-999,,-999
DOLPHIN_obs_2026080717,28,2026-08-03 08:00,past,白海豚,DOLPHIN,202613,148.40,24.30,43,53,0,320,160,1,,-999,-999,,-999
DOLPHIN_obs_2026080717,29,2026-08-03 14:00,past,白海豚,DOLPHIN,202613,147.20,24.90,40,50,0,320,160,1,,-999,-999,,-999
DOLPHIN_obs_2026080717,30,2026-08-03 20:00,past,白海豚,DOLPHIN,202613,145.60,25.00,40,50,0,320,160,1,,-999,-999,,-999
DOLPHIN_obs_2026080717,31,2026-08-04 02:00,past,白海豚,DOLPHIN,202613,144.10,25.10,40,50,0,320,160,1,,-999,-999,,-999
DOLPHIN_obs_2026080717,32,2026-08-04 08:00,past,白海豚,DOLPHIN,202613,143.10,25.10,43,53,0,320,160,1,,-999,-999,,-999
DOLPHIN_obs_2026080717,33,2026-08-04 14:00,past,白海豚,DOLPHIN,202613,141.90,25.30,45,55,0,320,150,1,,-999,-999,,-999
DOLPHIN_obs_2026080717,34,2026-08-04 20:00,past,白海豚,DOLPHIN,202613,140.60,25.20,45,55,0,320,150,1,,-999,-999,,-999
DOLPHIN_obs_2026080717,35,2026-08-05 02:00,past,白海豚,DOLPHIN,202613,139.30,25.30,45,55,0,320,150,1,,-999,-999,,-999
DOLPHIN_obs_2026080717,36,2026-08-05 08:00,past,白海豚,DOLPHIN,202613,138.20,25.50,45,55,0,320,150,1,,-999,-999,,-999
DOLPHIN_obs_2026080717,37,2026-08-05 14:00,past,白海豚,DOLPHIN,202613,137.20,25.70,43,53,0,320,150,1,,-999,-999,,-999
DOLPHIN_obs_2026080717,38,2026-08-05 20:00,past,白海豚,DOLPHIN,202613,136.00,26.00,43,53,0,320,150,1,,-999,-999,,-999
DOLPHIN_obs_2026080717,39,2026-08-06 02:00,past,白海豚,DOLPHIN,202613,135.00,26.30,43,53,0,320,150,1,,-999,-999,,-999
DOLPHIN_obs_2026080717,40,2026-08-06 08:00,past,白海豚,DOLPHIN,202613,133.60,26.30,43,53,0,320,150,1,,-999,-999,,-999
DOLPHIN_obs_2026080717,41,2026-08-06 14:00,past,白海豚,DOLPHIN,202613,132.60,26.40,40,50,0,300,120,1,,-999,-999,,-999
DOLPHIN_obs_2026080717,42,2026-08-06 20:00,past,白海豚,DOLPHIN,202613,131.40,26.50,38,48,0,280,90,1,,-999,-999,,-999
DOLPHIN_obs_2026080717,43,2026-08-07 02:00,past,白海豚,DOLPHIN,202613,130.40,26.90,38,48,0,280,90,1,,-999,-999,,-999
DOLPHIN_obs_2026080717,44,2026-08-07 08:00,past,白海豚,DOLPHIN,202613,128.90,27.10,38,48,0,280,90,1,,-999,-999,,-999
DOLPHIN_obs_2026080717,45,2026-08-07 14:00,past,白海豚,DOLPHIN,202613,128.00,26.80,40,50,0,280,90,1,,-999,-999,,-999
DOLPHIN_obs_2026080717,46,2026-08-07 17:00,curr,白海豚,DOLPHIN,202613,127.90,27.00,40,50,0,280,90,1,,-999,-999,,-999
DOLPHIN_cwb_2026080717,0,2026-08-07 17:00,fcst,白海豚,DOLPHIN,202613,127.90,27.00,40,50,0,280,90,1,,-999,-999,,-999
DOLPHIN_cwb_2026080717,1,2026-08-07 18:00,fcst,白海豚,DOLPHIN,202613,127.733,26.967,40,50,0,280,90,3,,-999,-999,,-999
DOLPHIN_cwb_2026080717,2,2026-08-07 19:00,fcst,白海豚,DOLPHIN,202613,127.567,26.933,40,50,0,280,90,3,,-999,-999,,-999
DOLPHIN_cwb_2026080717,3,2026-08-07 20:00,fcst,白海豚,DOLPHIN,202613,127.4,26.9,40,50,0,280,90,3,,-999,-999,,-999
DOLPHIN_cwb_2026080717,4,2026-08-07 21:00,fcst,白海豚,DOLPHIN,202613,127.233,26.867,40,50,0,280,90,3,,-999,-999,,-999
DOLPHIN_cwb_2026080717,5,2026-08-07 22:00,fcst,白海豚,DOLPHIN,202613,127.067,26.833,40,50,0,280,90,3,,-999,-999,,-999
DOLPHIN_cwb_2026080717,6,2026-08-07 23:00,fcst,白海豚,DOLPHIN,202613,126.90,26.80,40,50,0,280,90,1,,-999,-999,,-999
DOLPHIN_cwb_2026080717,7,2026-08-08 00:00,fcst,白海豚,DOLPHIN,202613,126.8,26.783,40,50,0,280,90,3,,-999,-999,,-999
DOLPHIN_cwb_2026080717,8,2026-08-08 01:00,fcst,白海豚,DOLPHIN,202613,126.7,26.767,40,50,0,280,90,3,,-999,-999,,-999
DOLPHIN_cwb_2026080717,9,2026-08-08 02:00,fcst,白海豚,DOLPHIN,202613,126.6,26.75,40,50,0,280,90,3,,-999,-999,,-999
DOLPHIN_cwb_2026080717,10,2026-08-08 03:00,fcst,白海豚,DOLPHIN,202613,126.5,26.733,40,50,0,280,90,3,,-999,-999,,-999
DOLPHIN_cwb_2026080717,11,2026-08-08 04:00,fcst,白海豚,DOLPHIN,202613,126.4,26.717,40,50,0,280,90,3,,-999,-999,,-999
DOLPHIN_cwb_2026080717,12,2026-08-08 05:00,fcst,白海豚,DOLPHIN,202613,126.30,26.70,40,50,0,280,90,1,,-999,-999,,-999
DOLPHIN_cwb_2026080717,13,2026-08-08 06:00,fcst,白海豚,DOLPHIN,202613,126.217,26.7,40,50,0,280,90,3,,-999,-999,,-999
DOLPHIN_cwb_2026080717,14,2026-08-08 07:00,fcst,白海豚,DOLPHIN,202613,126.133,26.7,40,50,0,280,90,3,,-999,-999,,-999
DOLPHIN_cwb_2026080717,15,2026-08-08 08:00,fcst,白海豚,DOLPHIN,202613,126.05,26.7,40,50,0,280,90,3,,-999,-999,,-999
DOLPHIN_cwb_2026080717,16,2026-08-08 09:00,fcst,白海豚,DOLPHIN,202613,125.967,26.7,40,50,0,280,90,3,,-999,-999,,-999
DOLPHIN_cwb_2026080717,17,2026-08-08 10:00,fcst,白海豚,DOLPHIN,202613,125.883,26.7,40,50,0,280,90,3,,-999,-999,,-999
DOLPHIN_cwb_2026080717,18,2026-08-08 11:00,fcst,白海豚,DOLPHIN,202613,125.80,26.70,40,50,0,280,90,1,,-999,-999,,-999
DOLPHIN_cwb_2026080717,19,2026-08-08 12:00,fcst,白海豚,DOLPHIN,202613,125.7,26.717,40,50,0,280,90,3,,-999,-999,,-999
DOLPHIN_cwb_2026080717,20,2026-08-08 13:00,fcst,白海豚,DOLPHIN,202613,125.6,26.733,40,50,0,280,90,3,,-999,-999,,-999
DOLPHIN_cwb_2026080717,21,2026-08-08 14:00,fcst,白海豚,DOLPHIN,202613,125.5,26.75,40,50,0,280,90,3,,-999,-999,,-999
DOLPHIN_cwb_2026080717,22,2026-08-08 15:00,fcst,白海豚,DOLPHIN,202613,125.4,26.767,40,50,0,280,90,3,,-999,-999,,-999
DOLPHIN_cwb_2026080717,23,2026-08-08 16:00,fcst,白海豚,DOLPHIN,202613,125.3,26.783,40,50,0,280,90,3,,-999,-999,,-999
DOLPHIN_cwb_2026080717,24,2026-08-08 17:00,fcst,白海豚,DOLPHIN,202613,125.20,26.80,40,50,0,280,90,1,,-999,-999,,-999
DOLPHIN_cwb_2026080717,25,2026-08-08 18:00,fcst,白海豚,DOLPHIN,202613,125.1,26.825,39.833,49.833,0,277.5,89.167,3,,-999,-999,,-999
DOLPHIN_cwb_2026080717,26,2026-08-08 19:00,fcst,白海豚,DOLPHIN,202613,125,26.85,39.667,49.667,0,275,88.333,3,,-999,-999,,-999
DOLPHIN_cwb_2026080717,27,2026-08-08 20:00,fcst,白海豚,DOLPHIN,202613,124.9,26.875,39.5,49.5,0,272.5,87.5,3,,-999,-999,,-999
DOLPHIN_cwb_2026080717,28,2026-08-08 21:00,fcst,白海豚,DOLPHIN,202613,124.8,26.9,39.333,49.333,0,270,86.667,3,,-999,-999,,-999
DOLPHIN_cwb_2026080717,29,2026-08-08 22:00,fcst,白海豚,DOLPHIN,202613,124.7,26.925,39.167,49.167,0,267.5,85.833,3,,-999,-999,,-999
DOLPHIN_cwb_2026080717,30,2026-08-08 23:00,fcst,白海豚,DOLPHIN,202613,124.6,26.95,39,49,0,265,85,2,,-999,-999,,-999
DOLPHIN_cwb_2026080717,31,2026-08-09 00:00,fcst,白海豚,DOLPHIN,202613,124.5,26.975,38.833,48.833,0,262.5,84.167,3,,-999,-999,,-999
DOLPHIN_cwb_2026080717,32,2026-08-09 01:00,fcst,白海豚,DOLPHIN,202613,124.4,27,38.667,48.667,0,260,83.333,3,,-999,-999,,-999
DOLPHIN_cwb_2026080717,33,2026-08-09 02:00,fcst,白海豚,DOLPHIN,202613,124.3,27.025,38.5,48.5,0,257.5,82.5,3,,-999,-999,,-999
DOLPHIN_cwb_2026080717,34,2026-08-09 03:00,fcst,白海豚,DOLPHIN,202613,124.2,27.05,38.333,48.333,0,255,81.667,3,,-999,-999,,-999
DOLPHIN_cwb_2026080717,35,2026-08-09 04:00,fcst,白海豚,DOLPHIN,202613,124.1,27.075,38.167,48.167,0,252.5,80.833,3,,-999,-999,,-999
DOLPHIN_cwb_2026080717,36,2026-08-09 05:00,fcst,白海豚,DOLPHIN,202613,124.00,27.10,38,48,0,250,80,1,,-999,-999,,-999
DOLPHIN_cwb_2026080717,37,2026-08-09 06:00,fcst,白海豚,DOLPHIN,202613,123.883,27.133,37.75,47.75,0,250,80,3,,-999,-999,,-999
DOLPHIN_cwb_2026080717,38,2026-08-09 07:00,fcst,白海豚,DOLPHIN,202613,123.767,27.167,37.5,47.5,0,250,80,3,,-999,-999,,-999
DOLPHIN_cwb_2026080717,39,2026-08-09 08:00,fcst,白海豚,DOLPHIN,202613,123.65,27.2,37.25,47.25,0,250,80,3,,-999,-999,,-999
DOLPHIN_cwb_2026080717,40,2026-08-09 09:00,fcst,白海豚,DOLPHIN,202613,123.533,27.233,37,47,0,250,80,3,,-999,-999,,-999
DOLPHIN_cwb_2026080717,41,2026-08-09 10:00,fcst,白海豚,DOLPHIN,202613,123.417,27.267,36.75,46.75,0,250,80,3,,-999,-999,,-999
DOLPHIN_cwb_2026080717,42,2026-08-09 11:00,fcst,白海豚,DOLPHIN,202613,123.3,27.3,36.5,46.5,0,250,80,2,,-999,-999,,-999
DOLPHIN_cwb_2026080717,43,2026-08-09 12:00,fcst,白海豚,DOLPHIN,202613,123.183,27.333,36.25,46.25,0,250,80,3,,-999,-999,,-999
DOLPHIN_cwb_2026080717,44,2026-08-09 13:00,fcst,白海豚,DOLPHIN,202613,123.067,27.367,36,46,0,250,80,3,,-999,-999,,-999
DOLPHIN_cwb_2026080717,45,2026-08-09 14:00,fcst,白海豚,DOLPHIN,202613,122.95,27.4,35.75,45.75,0,250,80,3,,-999,-999,,-999
DOLPHIN_cwb_2026080717,46,2026-08-09 15:00,fcst,白海豚,DOLPHIN,202613,122.833,27.433,35.5,45.5,0,250,80,3,,-999,-999,,-999
DOLPHIN_cwb_2026080717,47,2026-08-09 16:00,fcst,白海豚,DOLPHIN,202613,122.717,27.467,35.25,45.25,0,250,80,3,,-999,-999,,-999
DOLPHIN_cwb_2026080717,48,2026-08-09 17:00,fcst,白海豚,DOLPHIN,202613,122.60,27.50,35,45,0,250,80,1,,-999,-999,,-999
DOLPHIN_cwb_2026080717,49,2026-08-09 18:00,fcst,白海豚,DOLPHIN,202613,122.479,27.55,34.583,44.5,0,245.833,76.667,3,,-999,-999,,-999
DOLPHIN_cwb_2026080717,50,2026-08-09 19:00,fcst,白海豚,DOLPHIN,202613,122.358,27.6,34.167,44,0,241.667,73.333,3,,-999,-999,,-999
DOLPHIN_cwb_2026080717,51,2026-08-09 20:00,fcst,白海豚,DOLPHIN,202613,122.238,27.65,33.75,43.5,0,237.5,70,3,,-999,-999,,-999
DOLPHIN_cwb_2026080717,52,2026-08-09 21:00,fcst,白海豚,DOLPHIN,202613,122.117,27.7,33.333,43,0,233.333,66.667,3,,-999,-999,,-999
DOLPHIN_cwb_2026080717,53,2026-08-09 22:00,fcst,白海豚,DOLPHIN,202613,121.996,27.75,32.917,42.5,0,229.167,63.333,3,,-999,-999,,-999
DOLPHIN_cwb_2026080717,54,2026-08-09 23:00,fcst,白海豚,DOLPHIN,202613,121.875,27.8,32.5,42,0,225,60,2,,-999,-999,,-999
DOLPHIN_cwb_2026080717,55,2026-08-10 00:00,fcst,白海豚,DOLPHIN,202613,121.754,27.85,32.083,41.5,0,220.833,56.667,3,,-999,-999,,-999
DOLPHIN_cwb_2026080717,56,2026-08-10 01:00,fcst,白海豚,DOLPHIN,202613,121.633,27.9,31.667,41,0,216.667,53.333,3,,-999,-999,,-999
DOLPHIN_cwb_2026080717,57,2026-08-10 02:00,fcst,白海豚,DOLPHIN,202613,121.513,27.95,31.25,40.5,0,212.5,50,3,,-999,-999,,-999
DOLPHIN_cwb_2026080717,58,2026-08-10 03:00,fcst,白海豚,DOLPHIN,202613,121.392,28,30.833,40,0,208.333,46.667,3,,-999,-999,,-999
DOLPHIN_cwb_2026080717,59,2026-08-10 04:00,fcst,白海豚,DOLPHIN,202613,121.271,28.05,30.417,39.5,0,204.167,43.333,3,,-999,-999,,-999
DOLPHIN_cwb_2026080717,60,2026-08-10 05:00,fcst,白海豚,DOLPHIN,202613,121.15,28.1,30,39,0,200,40,2,,-999,-999,,-999
DOLPHIN_cwb_2026080717,61,2026-08-10 06:00,fcst,白海豚,DOLPHIN,202613,121.029,28.15,29.583,38.5,0,195.833,36.667,3,,-999,-999,,-999
DOLPHIN_cwb_2026080717,62,2026-08-10 07:00,fcst,白海豚,DOLPHIN,202613,120.908,28.2,29.167,38,0,191.667,33.333,3,,-999,-999,,-999
DOLPHIN_cwb_2026080717,63,2026-08-10 08:00,fcst,白海豚,DOLPHIN,202613,120.788,28.25,28.75,37.5,0,187.5,30,3,,-999,-999,,-999
DOLPHIN_cwb_2026080717,64,2026-08-10 09:00,fcst,白海豚,DOLPHIN,202613,120.667,28.3,28.333,37,0,183.333,26.667,3,,-999,-999,,-999
DOLPHIN_cwb_2026080717,65,2026-08-10 10:00,fcst,白海豚,DOLPHIN,202613,120.546,28.35,27.917,36.5,0,179.167,23.333,3,,-999,-999,,-999
DOLPHIN_cwb_2026080717,66,2026-08-10 11:00,fcst,白海豚,DOLPHIN,202613,120.425,28.4,27.5,36,0,175,20,2,,-999,-999,,-999
DOLPHIN_cwb_2026080717,67,2026-08-10 12:00,fcst,白海豚,DOLPHIN,202613,120.304,28.45,27.083,35.5,0,170.833,16.667,3,,-999,-999,,-999
DOLPHIN_cwb_2026080717,68,2026-08-10 13:00,fcst,白海豚,DOLPHIN,202613,120.183,28.5,26.667,35,0,166.667,13.333,3,,-999,-999,,-999
DOLPHIN_cwb_2026080717,69,2026-08-10 14:00,fcst,白海豚,DOLPHIN,202613,120.063,28.55,26.25,34.5,0,162.5,10,3,,-999,-999,,-999
DOLPHIN_cwb_2026080717,70,2026-08-10 15:00,fcst,白海豚,DOLPHIN,202613,119.942,28.6,25.833,34,0,158.333,6.667,3,,-999,-999,,-999
DOLPHIN_cwb_2026080717,71,2026-08-10 16:00,fcst,白海豚,DOLPHIN,202613,119.821,28.65,25.417,33.5,0,154.167,3.333,3,,-999,-999,,-999
DOLPHIN_cwb_2026080717,72,2026-08-10 17:00,fcst,白海豚,DOLPHIN,202613,119.70,28.70,25,33,0,150,0,1,,-999,-999,,-999
DOLPHIN_cwb_2026080717,73,2026-08-10 18:00,fcst,白海豚,DOLPHIN,202613,119.579,28.783,24.583,32.583,0,143.75,0,3,,-999,-999,,-999
DOLPHIN_cwb_2026080717,74,2026-08-10 19:00,fcst,白海豚,DOLPHIN,202613,119.458,28.867,24.167,32.167,0,137.5,0,3,,-999,-999,,-999
DOLPHIN_cwb_2026080717,75,2026-08-10 20:00,fcst,白海豚,DOLPHIN,202613,119.338,28.95,23.75,31.75,0,131.25,0,3,,-999,-999,,-999
DOLPHIN_cwb_2026080717,76,2026-08-10 21:00,fcst,白海豚,DOLPHIN,202613,119.217,29.033,23.333,31.333,0,125,0,3,,-999,-999,,-999
DOLPHIN_cwb_2026080717,77,2026-08-10 22:00,fcst,白海豚,DOLPHIN,202613,119.096,29.117,22.917,30.917,0,118.75,0,3,,-999,-999,,-999
DOLPHIN_cwb_2026080717,78,2026-08-10 23:00,fcst,白海豚,DOLPHIN,202613,118.975,29.2,22.5,30.5,0,112.5,0,2,,-999,-999,,-999
DOLPHIN_cwb_2026080717,79,2026-08-11 00:00,fcst,白海豚,DOLPHIN,202613,118.854,29.283,22.083,30.083,0,106.25,0,3,,-999,-999,,-999
DOLPHIN_cwb_2026080717,80,2026-08-11 01:00,fcst,白海豚,DOLPHIN,202613,118.733,29.367,21.667,29.667,0,100,0,3,,-999,-999,,-999
DOLPHIN_cwb_2026080717,81,2026-08-11 02:00,fcst,白海豚,DOLPHIN,202613,118.613,29.45,21.25,29.25,0,93.75,0,3,,-999,-999,,-999
DOLPHIN_cwb_2026080717,82,2026-08-11 03:00,fcst,白海豚,DOLPHIN,202613,118.492,29.533,20.833,28.833,0,87.5,0,3,,-999,-999,,-999
DOLPHIN_cwb_2026080717,83,2026-08-11 04:00,fcst,白海豚,DOLPHIN,202613,118.371,29.617,20.417,28.417,0,81.25,0,3,,-999,-999,,-999
DOLPHIN_cwb_2026080717,84,2026-08-11 05:00,fcst,白海豚,DOLPHIN,202613,118.25,29.7,20,28,0,75,0,2,,-999,-999,,-999
DOLPHIN_cwb_2026080717,85,2026-08-11 06:00,fcst,白海豚,DOLPHIN,202613,118.129,29.783,19.583,27.583,0,68.75,0,3,,-999,-999,,-999
DOLPHIN_cwb_2026080717,86,2026-08-11 07:00,fcst,白海豚,DOLPHIN,202613,118.008,29.867,19.167,27.167,0,62.5,0,3,,-999,-999,,-999
DOLPHIN_cwb_2026080717,87,2026-08-11 08:00,fcst,白海豚,DOLPHIN,202613,117.888,29.95,18.75,26.75,0,56.25,0,3,,-999,-999,,-999
DOLPHIN_cwb_2026080717,88,2026-08-11 09:00,fcst,白海豚,DOLPHIN,202613,117.767,30.033,18.333,26.333,0,50,0,3,,-999,-999,,-999
DOLPHIN_cwb_2026080717,89,2026-08-11 10:00,fcst,白海豚,DOLPHIN,202613,117.646,30.117,17.917,25.917,0,43.75,0,3,,-999,-999,,-999
DOLPHIN_cwb_2026080717,90,2026-08-11 11:00,fcst,白海豚,DOLPHIN,202613,117.525,30.2,17.5,25.5,0,37.5,0,2,,-999,-999,,-999
DOLPHIN_cwb_2026080717,91,2026-08-11 12:00,fcst,白海豚,DOLPHIN,202613,117.404,30.283,17.083,25.083,0,31.25,0,3,,-999,-999,,-999
DOLPHIN_cwb_2026080717,92,2026-08-11 13:00,fcst,白海豚,DOLPHIN,202613,117.283,30.367,16.667,24.667,0,25,0,3,,-999,-999,,-999
DOLPHIN_cwb_2026080717,93,2026-08-11 14:00,fcst,白海豚,DOLPHIN,202613,117.163,30.45,16.25,24.25,0,18.75,0,3,,-999,-999,,-999
DOLPHIN_cwb_2026080717,94,2026-08-11 15:00,fcst,白海豚,DOLPHIN,202613,117.042,30.533,15.833,23.833,0,12.5,0,3,,-999,-999,,-999
DOLPHIN_cwb_2026080717,95,2026-08-11 16:00,fcst,白海豚,DOLPHIN,202613,116.921,30.617,15.417,23.417,0,6.25,0,3,,-999,-999,,-999
DOLPHIN_cwb_2026080717,96,2026-08-11 17:00,fcst,白海豚,DOLPHIN,202613,116.80,30.70,15,23,0,0,0,1,,-999,-999,,-999
DOLPHIN_cwb_2026080717,97,2026-08-11 18:00,fcst,白海豚,DOLPHIN,202613,116.813,30.738,14.792,22.667,0,0,0,3,,-999,-999,,-999
DOLPHIN_cwb_2026080717,98,2026-08-11 19:00,fcst,白海豚,DOLPHIN,202613,116.825,30.775,14.583,22.333,0,0,0,3,,-999,-999,,-999
DOLPHIN_cwb_2026080717,99,2026-08-11 20:00,fcst,白海豚,DOLPHIN,202613,116.838,30.813,14.375,22,0,0,0,3,,-999,-999,,-999
DOLPHIN_cwb_2026080717,100,2026-08-11 21:00,fcst,白海豚,DOLPHIN,202613,116.85,30.85,14.167,21.667,0,0,0,3,,-999,-999,,-999
DOLPHIN_cwb_2026080717,101,2026-08-11 22:00,fcst,白海豚,DOLPHIN,202613,116.863,30.888,13.958,21.333,0,0,0,3,,-999,-999,,-999
DOLPHIN_cwb_2026080717,102,2026-08-11 23:00,fcst,白海豚,DOLPHIN,202613,116.875,30.925,13.75,21,0,0,0,2,,-999,-999,,-999
DOLPHIN_cwb_2026080717,103,2026-08-12 00:00,fcst,白海豚,DOLPHIN,202613,116.888,30.963,13.542,20.667,0,0,0,3,,-999,-999,,-999
DOLPHIN_cwb_2026080717,104,2026-08-12 01:00,fcst,白海豚,DOLPHIN,202613,116.9,31,13.333,20.333,0,0,0,3,,-999,-999,,-999
DOLPHIN_cwb_2026080717,105,2026-08-12 02:00,fcst,白海豚,DOLPHIN,202613,116.913,31.038,13.125,20,0,0,0,3,,-999,-999,,-999
DOLPHIN_cwb_2026080717,106,2026-08-12 03:00,fcst,白海豚,DOLPHIN,202613,116.925,31.075,12.917,19.667,0,0,0,3,,-999,-999,,-999
DOLPHIN_cwb_2026080717,107,2026-08-12 04:00,fcst,白海豚,DOLPHIN,202613,116.938,31.113,12.708,19.333,0,0,0,3,,-999,-999,,-999
DOLPHIN_cwb_2026080717,108,2026-08-12 05:00,fcst,白海豚,DOLPHIN,202613,116.95,31.15,12.5,19,0,0,0,2,,-999,-999,,-999
DOLPHIN_cwb_2026080717,109,2026-08-12 06:00,fcst,白海豚,DOLPHIN,202613,116.963,31.188,12.292,18.667,0,0,0,3,,-999,-999,,-999
DOLPHIN_cwb_2026080717,110,2026-08-12 07:00,fcst,白海豚,DOLPHIN,202613,116.975,31.225,12.083,18.333,0,0,0,3,,-999,-999,,-999
DOLPHIN_cwb_2026080717,111,2026-08-12 08:00,fcst,白海豚,DOLPHIN,202613,116.988,31.263,11.875,18,0,0,0,3,,-999,-999,,-999
DOLPHIN_cwb_2026080717,112,2026-08-12 09:00,fcst,白海豚,DOLPHIN,202613,117,31.3,11.667,17.667,0,0,0,3,,-999,-999,,-999
DOLPHIN_cwb_2026080717,113,2026-08-12 10:00,fcst,白海豚,DOLPHIN,202613,117.013,31.338,11.458,17.333,0,0,0,3,,-999,-999,,-999
DOLPHIN_cwb_2026080717,114,2026-08-12 11:00,fcst,白海豚,DOLPHIN,202613,117.025,31.375,11.25,17,0,0,0,2,,-999,-999,,-999
DOLPHIN_cwb_2026080717,115,2026-08-12 12:00,fcst,白海豚,DOLPHIN,202613,117.038,31.413,11.042,16.667,0,0,0,3,,-999,-999,,-999
DOLPHIN_cwb_2026080717,116,2026-08-12 13:00,fcst,白海豚,DOLPHIN,202613,117.05,31.45,10.833,16.333,0,0,0,3,,-999,-999,,-999
DOLPHIN_cwb_2026080717,117,2026-08-12 14:00,fcst,白海豚,DOLPHIN,202613,117.063,31.488,10.625,16,0,0,0,3,,-999,-999,,-999
DOLPHIN_cwb_2026080717,118,2026-08-12 15:00,fcst,白海豚,DOLPHIN,202613,117.075,31.525,10.417,15.667,0,0,0,3,,-999,-999,,-999
DOLPHIN_cwb_2026080717,119,2026-08-12 16:00,fcst,白海豚,DOLPHIN,202613,117.088,31.563,10.208,15.333,0,0,0,3,,-999,-999,,-999
DOLPHIN_cwb_2026080717,120,2026-08-12 17:00,fcst,白海豚,DOLPHIN,202613,117.10,31.60,10,15,0,0,0,1,,-999,-999,,-999
CHAN-HOM_obs_2026080714,0,2026-08-05 08:00,past,昌鴻,CHAN-HOM,202615,167.50,18.60,15,23,1000,0,0,1,,-999,-999,,-999
CHAN-HOM_obs_2026080714,1,2026-08-05 14:00,past,昌鴻,CHAN-HOM,202615,166.80,19.70,18,25,998,100,0,1,,-999,-999,,-999
CHAN-HOM_obs_2026080714,2,2026-08-05 20:00,past,昌鴻,CHAN-HOM,202615,166.50,22.60,18,25,998,100,0,1,,-999,-999,,-999
CHAN-HOM_obs_2026080714,3,2026-08-06 02:00,past,昌鴻,CHAN-HOM,202615,165.80,23.50,18,25,998,100,0,1,,-999,-999,,-999
CHAN-HOM_obs_2026080714,4,2026-08-06 08:00,past,昌鴻,CHAN-HOM,202615,165.00,24.30,18,25,998,100,0,1,,-999,-999,,-999
CHAN-HOM_obs_2026080714,5,2026-08-06 14:00,past,昌鴻,CHAN-HOM,202615,164.30,26.00,18,25,998,100,0,1,,-999,-999,,-999
CHAN-HOM_obs_2026080714,6,2026-08-06 20:00,past,昌鴻,CHAN-HOM,202615,162.50,27.30,20,28,995,150,0,1,,-999,-999,,-999
CHAN-HOM_obs_2026080714,7,2026-08-07 02:00,past,昌鴻,CHAN-HOM,202615,161.70,28.20,20,28,995,150,0,1,,-999,-999,,-999
CHAN-HOM_obs_2026080714,8,2026-08-07 08:00,past,昌鴻,CHAN-HOM,202615,160.90,29.40,20,28,995,150,0,1,,-999,-999,,-999
CHAN-HOM_obs_2026080714,9,2026-08-07 14:00,curr,昌鴻,CHAN-HOM,202615,160.30,29.70,18,25,998,120,0,1,,-999,-999,,-999
CHAN-HOM_cwb_2026080714,0,2026-08-07 14:00,fcst,昌鴻,CHAN-HOM,202615,160.30,29.70,18,25,998,120,0,1,,-999,-999,,-999
CHAN-HOM_cwb_2026080714,1,2026-08-07 15:00,fcst,昌鴻,CHAN-HOM,202615,160.167,29.9,18,25,998,120,0,3,,-999,-999,,-999
CHAN-HOM_cwb_2026080714,2,2026-08-07 16:00,fcst,昌鴻,CHAN-HOM,202615,160.033,30.1,18,25,998,120,0,3,,-999,-999,,-999
CHAN-HOM_cwb_2026080714,3,2026-08-07 17:00,fcst,昌鴻,CHAN-HOM,202615,159.9,30.3,18,25,998,120,0,3,,-999,-999,,-999
CHAN-HOM_cwb_2026080714,4,2026-08-07 18:00,fcst,昌鴻,CHAN-HOM,202615,159.767,30.5,18,25,998,120,0,3,,-999,-999,,-999
CHAN-HOM_cwb_2026080714,5,2026-08-07 19:00,fcst,昌鴻,CHAN-HOM,202615,159.633,30.7,18,25,998,120,0,3,,-999,-999,,-999
CHAN-HOM_cwb_2026080714,6,2026-08-07 20:00,fcst,昌鴻,CHAN-HOM,202615,159.50,30.90,18,25,998,120,0,1,,-999,-999,,-999
CHAN-HOM_cwb_2026080714,7,2026-08-07 21:00,fcst,昌鴻,CHAN-HOM,202615,159.317,31.033,18,25,998,120,0,3,,-999,-999,,-999
CHAN-HOM_cwb_2026080714,8,2026-08-07 22:00,fcst,昌鴻,CHAN-HOM,202615,159.133,31.167,18,25,998,120,0,3,,-999,-999,,-999
CHAN-HOM_cwb_2026080714,9,2026-08-07 23:00,fcst,昌鴻,CHAN-HOM,202615,158.95,31.3,18,25,998,120,0,3,,-999,-999,,-999
CHAN-HOM_cwb_2026080714,10,2026-08-08 00:00,fcst,昌鴻,CHAN-HOM,202615,158.767,31.433,18,25,998,120,0,3,,-999,-999,,-999
CHAN-HOM_cwb_2026080714,11,2026-08-08 01:00,fcst,昌鴻,CHAN-HOM,202615,158.583,31.567,18,25,998,120,0,3,,-999,-999,,-999
CHAN-HOM_cwb_2026080714,12,2026-08-08 02:00,fcst,昌鴻,CHAN-HOM,202615,158.40,31.70,18,25,998,120,0,1,,-999,-999,,-999
CHAN-HOM_cwb_2026080714,13,2026-08-08 03:00,fcst,昌鴻,CHAN-HOM,202615,158.2,31.817,18,25,998,120,0,3,,-999,-999,,-999
CHAN-HOM_cwb_2026080714,14,2026-08-08 04:00,fcst,昌鴻,CHAN-HOM,202615,158,31.933,18,25,998,120,0,3,,-999,-999,,-999
CHAN-HOM_cwb_2026080714,15,2026-08-08 05:00,fcst,昌鴻,CHAN-HOM,202615,157.8,32.05,18,25,998,120,0,3,,-999,-999,,-999
CHAN-HOM_cwb_2026080714,16,2026-08-08 06:00,fcst,昌鴻,CHAN-HOM,202615,157.6,32.167,18,25,998,120,0,3,,-999,-999,,-999
CHAN-HOM_cwb_2026080714,17,2026-08-08 07:00,fcst,昌鴻,CHAN-HOM,202615,157.4,32.283,18,25,998,120,0,3,,-999,-999,,-999
CHAN-HOM_cwb_2026080714,18,2026-08-08 08:00,fcst,昌鴻,CHAN-HOM,202615,157.20,32.40,18,25,998,120,0,1,,-999,-999,,-999
CHAN-HOM_cwb_2026080714,19,2026-08-08 09:00,fcst,昌鴻,CHAN-HOM,202615,156.933,32.517,18,25,998,120,0,3,,-999,-999,,-999
CHAN-HOM_cwb_2026080714,20,2026-08-08 10:00,fcst,昌鴻,CHAN-HOM,202615,156.667,32.633,18,25,998,120,0,3,,-999,-999,,-999
CHAN-HOM_cwb_2026080714,21,2026-08-08 11:00,fcst,昌鴻,CHAN-HOM,202615,156.4,32.75,18,25,998,120,0,3,,-999,-999,,-999
CHAN-HOM_cwb_2026080714,22,2026-08-08 12:00,fcst,昌鴻,CHAN-HOM,202615,156.133,32.867,18,25,998,120,0,3,,-999,-999,,-999
CHAN-HOM_cwb_2026080714,23,2026-08-08 13:00,fcst,昌鴻,CHAN-HOM,202615,155.867,32.983,18,25,998,120,0,3,,-999,-999,,-999
CHAN-HOM_cwb_2026080714,24,2026-08-08 14:00,fcst,昌鴻,CHAN-HOM,202615,155.60,33.10,18,25,998,120,0,1,,-999,-999,,-999
CHAN-HOM_cwb_2026080714,25,2026-08-08 15:00,fcst,昌鴻,CHAN-HOM,202615,155.3,33.142,18,25,998,120,0,3,,-999,-999,,-999
CHAN-HOM_cwb_2026080714,26,2026-08-08 16:00,fcst,昌鴻,CHAN-HOM,202615,155,33.183,18,25,998,120,0,3,,-999,-999,,-999
CHAN-HOM_cwb_2026080714,27,2026-08-08 17:00,fcst,昌鴻,CHAN-HOM,202615,154.7,33.225,18,25,998,120,0,3,,-999,-999,,-999
CHAN-HOM_cwb_2026080714,28,2026-08-08 18:00,fcst,昌鴻,CHAN-HOM,202615,154.4,33.267,18,25,998,120,0,3,,-999,-999,,-999
CHAN-HOM_cwb_2026080714,29,2026-08-08 19:00,fcst,昌鴻,CHAN-HOM,202615,154.1,33.308,18,25,998,120,0,3,,-999,-999,,-999
CHAN-HOM_cwb_2026080714,30,2026-08-08 20:00,fcst,昌鴻,CHAN-HOM,202615,153.8,33.35,18,25,998,120,0,2,,-999,-999,,-999
CHAN-HOM_cwb_2026080714,31,2026-08-08 21:00,fcst,昌鴻,CHAN-HOM,202615,153.5,33.392,18,25,998,120,0,3,,-999,-999,,-999
CHAN-HOM_cwb_2026080714,32,2026-08-08 22:00,fcst,昌鴻,CHAN-HOM,202615,153.2,33.433,18,25,998,120,0,3,,-999,-999,,-999
CHAN-HOM_cwb_2026080714,33,2026-08-08 23:00,fcst,昌鴻,CHAN-HOM,202615,152.9,33.475,18,25,998,120,0,3,,-999,-999,,-999
CHAN-HOM_cwb_2026080714,34,2026-08-09 00:00,fcst,昌鴻,CHAN-HOM,202615,152.6,33.517,18,25,998,120,0,3,,-999,-999,,-999
CHAN-HOM_cwb_2026080714,35,2026-08-09 01:00,fcst,昌鴻,CHAN-HOM,202615,152.3,33.558,18,25,998,120,0,3,,-999,-999,,-999
CHAN-HOM_cwb_2026080714,36,2026-08-09 02:00,fcst,昌鴻,CHAN-HOM,202615,152.00,33.60,18,25,998,120,0,1,,-999,-999,,-999
CHAN-HOM_cwb_2026080714,37,2026-08-09 03:00,fcst,昌鴻,CHAN-HOM,202615,151.833,33.567,18,25,998,120,0,3,,-999,-999,,-999
CHAN-HOM_cwb_2026080714,38,2026-08-09 04:00,fcst,昌鴻,CHAN-HOM,202615,151.667,33.533,18,25,998,120,0,3,,-999,-999,,-999
CHAN-HOM_cwb_2026080714,39,2026-08-09 05:00,fcst,昌鴻,CHAN-HOM,202615,151.5,33.5,18,25,998,120,0,3,,-999,-999,,-999
CHAN-HOM_cwb_2026080714,40,2026-08-09 06:00,fcst,昌鴻,CHAN-HOM,202615,151.333,33.467,18,25,998,120,0,3,,-999,-999,,-999
CHAN-HOM_cwb_2026080714,41,2026-08-09 07:00,fcst,昌鴻,CHAN-HOM,202615,151.167,33.433,18,25,998,120,0,3,,-999,-999,,-999
CHAN-HOM_cwb_2026080714,42,2026-08-09 08:00,fcst,昌鴻,CHAN-HOM,202615,151,33.4,18,25,998,120,0,2,,-999,-999,,-999
CHAN-HOM_cwb_2026080714,43,2026-08-09 09:00,fcst,昌鴻,CHAN-HOM,202615,150.833,33.367,18,25,998,120,0,3,,-999,-999,,-999
CHAN-HOM_cwb_2026080714,44,2026-08-09 10:00,fcst,昌鴻,CHAN-HOM,202615,150.667,33.333,18,25,998,120,0,3,,-999,-999,,-999
CHAN-HOM_cwb_2026080714,45,2026-08-09 11:00,fcst,昌鴻,CHAN-HOM,202615,150.5,33.3,18,25,998,120,0,3,,-999,-999,,-999
CHAN-HOM_cwb_2026080714,46,2026-08-09 12:00,fcst,昌鴻,CHAN-HOM,202615,150.333,33.267,18,25,998,120,0,3,,-999,-999,,-999
CHAN-HOM_cwb_2026080714,47,2026-08-09 13:00,fcst,昌鴻,CHAN-HOM,202615,150.167,33.233,18,25,998,120,0,3,,-999,-999,,-999
CHAN-HOM_cwb_2026080714,48,2026-08-09 14:00,fcst,昌鴻,CHAN-HOM,202615,150.00,33.20,18,25,998,120,0,1,,-999,-999,,-999
CHAN-HOM_cwb_2026080714,49,2026-08-09 15:00,fcst,昌鴻,CHAN-HOM,202615,149.933,33.242,18,25,998,120,0,3,,-999,-999,,-999
CHAN-HOM_cwb_2026080714,50,2026-08-09 16:00,fcst,昌鴻,CHAN-HOM,202615,149.867,33.283,18,25,998,120,0,3,,-999,-999,,-999
CHAN-HOM_cwb_2026080714,51,2026-08-09 17:00,fcst,昌鴻,CHAN-HOM,202615,149.8,33.325,18,25,998,120,0,3,,-999,-999,,-999
CHAN-HOM_cwb_2026080714,52,2026-08-09 18:00,fcst,昌鴻,CHAN-HOM,202615,149.733,33.367,18,25,998,120,0,3,,-999,-999,,-999
CHAN-HOM_cwb_2026080714,53,2026-08-09 19:00,fcst,昌鴻,CHAN-HOM,202615,149.667,33.408,18,25,998,120,0,3,,-999,-999,,-999
CHAN-HOM_cwb_2026080714,54,2026-08-09 20:00,fcst,昌鴻,CHAN-HOM,202615,149.6,33.45,18,25,998,120,0,2,,-999,-999,,-999
CHAN-HOM_cwb_2026080714,55,2026-08-09 21:00,fcst,昌鴻,CHAN-HOM,202615,149.533,33.492,18,25,998,120,0,3,,-999,-999,,-999
CHAN-HOM_cwb_2026080714,56,2026-08-09 22:00,fcst,昌鴻,CHAN-HOM,202615,149.467,33.533,18,25,998,120,0,3,,-999,-999,,-999
CHAN-HOM_cwb_2026080714,57,2026-08-09 23:00,fcst,昌鴻,CHAN-HOM,202615,149.4,33.575,18,25,998,120,0,3,,-999,-999,,-999
CHAN-HOM_cwb_2026080714,58,2026-08-10 00:00,fcst,昌鴻,CHAN-HOM,202615,149.333,33.617,18,25,998,120,0,3,,-999,-999,,-999
CHAN-HOM_cwb_2026080714,59,2026-08-10 01:00,fcst,昌鴻,CHAN-HOM,202615,149.267,33.658,18,25,998,120,0,3,,-999,-999,,-999
CHAN-HOM_cwb_2026080714,60,2026-08-10 02:00,fcst,昌鴻,CHAN-HOM,202615,149.2,33.7,18,25,998,120,0,2,,-999,-999,,-999
CHAN-HOM_cwb_2026080714,61,2026-08-10 03:00,fcst,昌鴻,CHAN-HOM,202615,149.133,33.742,18,25,998,120,0,3,,-999,-999,,-999
CHAN-HOM_cwb_2026080714,62,2026-08-10 04:00,fcst,昌鴻,CHAN-HOM,202615,149.067,33.783,18,25,998,120,0,3,,-999,-999,,-999
CHAN-HOM_cwb_2026080714,63,2026-08-10 05:00,fcst,昌鴻,CHAN-HOM,202615,149,33.825,18,25,998,120,0,3,,-999,-999,,-999
CHAN-HOM_cwb_2026080714,64,2026-08-10 06:00,fcst,昌鴻,CHAN-HOM,202615,148.933,33.867,18,25,998,120,0,3,,-999,-999,,-999
CHAN-HOM_cwb_2026080714,65,2026-08-10 07:00,fcst,昌鴻,CHAN-HOM,202615,148.867,33.908,18,25,998,120,0,3,,-999,-999,,-999
CHAN-HOM_cwb_2026080714,66,2026-08-10 08:00,fcst,昌鴻,CHAN-HOM,202615,148.8,33.95,18,25,998,120,0,2,,-999,-999,,-999
CHAN-HOM_cwb_2026080714,67,2026-08-10 09:00,fcst,昌鴻,CHAN-HOM,202615,148.733,33.992,18,25,998,120,0,3,,-999,-999,,-999
CHAN-HOM_cwb_2026080714,68,2026-08-10 10:00,fcst,昌鴻,CHAN-HOM,202615,148.667,34.033,18,25,998,120,0,3,,-999,-999,,-999
CHAN-HOM_cwb_2026080714,69,2026-08-10 11:00,fcst,昌鴻,CHAN-HOM,202615,148.6,34.075,18,25,998,120,0,3,,-999,-999,,-999
CHAN-HOM_cwb_2026080714,70,2026-08-10 12:00,fcst,昌鴻,CHAN-HOM,202615,148.533,34.117,18,25,998,120,0,3,,-999,-999,,-999
CHAN-HOM_cwb_2026080714,71,2026-08-10 13:00,fcst,昌鴻,CHAN-HOM,202615,148.467,34.158,18,25,998,120,0,3,,-999,-999,,-999
CHAN-HOM_cwb_2026080714,72,2026-08-10 14:00,fcst,昌鴻,CHAN-HOM,202615,148.40,34.20,18,25,998,120,0,1,,-999,-999,,-999
CHAN-HOM_cwb_2026080714,73,2026-08-10 15:00,fcst,昌鴻,CHAN-HOM,202615,148.192,34.358,18,25,998,120,0,3,,-999,-999,,-999
CHAN-HOM_cwb_2026080714,74,2026-08-10 16:00,fcst,昌鴻,CHAN-HOM,202615,147.983,34.517,18,25,998,120,0,3,,-999,-999,,-999
CHAN-HOM_cwb_2026080714,75,2026-08-10 17:00,fcst,昌鴻,CHAN-HOM,202615,147.775,34.675,18,25,998,120,0,3,,-999,-999,,-999
CHAN-HOM_cwb_2026080714,76,2026-08-10 18:00,fcst,昌鴻,CHAN-HOM,202615,147.567,34.833,18,25,998,120,0,3,,-999,-999,,-999
CHAN-HOM_cwb_2026080714,77,2026-08-10 19:00,fcst,昌鴻,CHAN-HOM,202615,147.358,34.992,18,25,998,120,0,3,,-999,-999,,-999
CHAN-HOM_cwb_2026080714,78,2026-08-10 20:00,fcst,昌鴻,CHAN-HOM,202615,147.15,35.15,18,25,998,120,0,2,,-999,-999,,-999
CHAN-HOM_cwb_2026080714,79,2026-08-10 21:00,fcst,昌鴻,CHAN-HOM,202615,146.942,35.308,18,25,998,120,0,3,,-999,-999,,-999
CHAN-HOM_cwb_2026080714,80,2026-08-10 22:00,fcst,昌鴻,CHAN-HOM,202615,146.733,35.467,18,25,998,120,0,3,,-999,-999,,-999
CHAN-HOM_cwb_2026080714,81,2026-08-10 23:00,fcst,昌鴻,CHAN-HOM,202615,146.525,35.625,18,25,998,120,0,3,,-999,-999,,-999
CHAN-HOM_cwb_2026080714,82,2026-08-11 00:00,fcst,昌鴻,CHAN-HOM,202615,146.317,35.783,18,25,998,120,0,3,,-999,-999,,-999
CHAN-HOM_cwb_2026080714,83,2026-08-11 01:00,fcst,昌鴻,CHAN-HOM,202615,146.108,35.942,18,25,998,120,0,3,,-999,-999,,-999
CHAN-HOM_cwb_2026080714,84,2026-08-11 02:00,fcst,昌鴻,CHAN-HOM,202615,145.9,36.1,18,25,998,120,0,2,,-999,-999,,-999
CHAN-HOM_cwb_2026080714,85,2026-08-11 03:00,fcst,昌鴻,CHAN-HOM,202615,145.692,36.258,18,25,998,120,0,3,,-999,-999,,-999
CHAN-HOM_cwb_2026080714,86,2026-08-11 04:00,fcst,昌鴻,CHAN-HOM,202615,145.483,36.417,18,25,998,120,0,3,,-999,-999,,-999
CHAN-HOM_cwb_2026080714,87,2026-08-11 05:00,fcst,昌鴻,CHAN-HOM,202615,145.275,36.575,18,25,998,120,0,3,,-999,-999,,-999
CHAN-HOM_cwb_2026080714,88,2026-08-11 06:00,fcst,昌鴻,CHAN-HOM,202615,145.067,36.733,18,25,998,120,0,3,,-999,-999,,-999
CHAN-HOM_cwb_2026080714,89,2026-08-11 07:00,fcst,昌鴻,CHAN-HOM,202615,144.858,36.892,18,25,998,120,0,3,,-999,-999,,-999
CHAN-HOM_cwb_2026080714,90,2026-08-11 08:00,fcst,昌鴻,CHAN-HOM,202615,144.65,37.05,18,25,998,120,0,2,,-999,-999,,-999
CHAN-HOM_cwb_2026080714,91,2026-08-11 09:00,fcst,昌鴻,CHAN-HOM,202615,144.442,37.208,18,25,998,120,0,3,,-999,-999,,-999
CHAN-HOM_cwb_2026080714,92,2026-08-11 10:00,fcst,昌鴻,CHAN-HOM,202615,144.233,37.367,18,25,998,120,0,3,,-999,-999,,-999
CHAN-HOM_cwb_2026080714,93,2026-08-11 11:00,fcst,昌鴻,CHAN-HOM,202615,144.025,37.525,18,25,998,120,0,3,,-999,-999,,-999
CHAN-HOM_cwb_2026080714,94,2026-08-11 12:00,fcst,昌鴻,CHAN-HOM,202615,143.817,37.683,18,25,998,120,0,3,,-999,-999,,-999
CHAN-HOM_cwb_2026080714,95,2026-08-11 13:00,fcst,昌鴻,CHAN-HOM,202615,143.608,37.842,18,25,998,120,0,3,,-999,-999,,-999
CHAN-HOM_cwb_2026080714,96,2026-08-11 14:00,fcst,昌鴻,CHAN-HOM,202615,143.40,38.00,18,25,998,120,0,1,,-999,-999,,-999
CHAN-HOM_cwb_2026080714,97,2026-08-11 15:00,fcst,昌鴻,CHAN-HOM,202615,143.088,38.033,17.667,24.583,998.333,115,0,3,,-999,-999,,-999
CHAN-HOM_cwb_2026080714,98,2026-08-11 16:00,fcst,昌鴻,CHAN-HOM,202615,142.775,38.067,17.333,24.167,998.667,110,0,3,,-999,-999,,-999
CHAN-HOM_cwb_2026080714,99,2026-08-11 17:00,fcst,昌鴻,CHAN-HOM,202615,142.463,38.1,17,23.75,999,105,0,3,,-999,-999,,-999
CHAN-HOM_cwb_2026080714,100,2026-08-11 18:00,fcst,昌鴻,CHAN-HOM,202615,142.15,38.133,16.667,23.333,999.333,100,0,3,,-999,-999,,-999
CHAN-HOM_cwb_2026080714,101,2026-08-11 19:00,fcst,昌鴻,CHAN-HOM,202615,141.838,38.167,16.333,22.917,999.667,95,0,3,,-999,-999,,-999
CHAN-HOM_cwb_2026080714,102,2026-08-11 20:00,fcst,昌鴻,CHAN-HOM,202615,141.525,38.2,16,22.5,1000,90,0,2,,-999,-999,,-999
CHAN-HOM_cwb_2026080714,103,2026-08-11 21:00,fcst,昌鴻,CHAN-HOM,202615,141.213,38.233,15.667,22.083,1000.333,85,0,3,,-999,-999,,-999
CHAN-HOM_cwb_2026080714,104,2026-08-11 22:00,fcst,昌鴻,CHAN-HOM,202615,140.9,38.267,15.333,21.667,1000.667,80,0,3,,-999,-999,,-999
CHAN-HOM_cwb_2026080714,105,2026-08-11 23:00,fcst,昌鴻,CHAN-HOM,202615,140.588,38.3,15,21.25,1001,75,0,3,,-999,-999,,-999
CHAN-HOM_cwb_2026080714,106,2026-08-12 00:00,fcst,昌鴻,CHAN-HOM,202615,140.275,38.333,14.667,20.833,1001.333,70,0,3,,-999,-999,,-999
CHAN-HOM_cwb_2026080714,107,2026-08-12 01:00,fcst,昌鴻,CHAN-HOM,202615,139.963,38.367,14.333,20.417,1001.667,65,0,3,,-999,-999,,-999
CHAN-HOM_cwb_2026080714,108,2026-08-12 02:00,fcst,昌鴻,CHAN-HOM,202615,139.65,38.4,14,20,1002,60,0,2,,-999,-999,,-999
CHAN-HOM_cwb_2026080714,109,2026-08-12 03:00,fcst,昌鴻,CHAN-HOM,202615,139.338,38.433,13.667,19.583,1002.333,55,0,3,,-999,-999,,-999
CHAN-HOM_cwb_2026080714,110,2026-08-12 04:00,fcst,昌鴻,CHAN-HOM,202615,139.025,38.467,13.333,19.167,1002.667,50,0,3,,-999,-999,,-999
CHAN-HOM_cwb_2026080714,111,2026-08-12 05:00,fcst,昌鴻,CHAN-HOM,202615,138.713,38.5,13,18.75,1003,45,0,3,,-999,-999,,-999
CHAN-HOM_cwb_2026080714,112,2026-08-12 06:00,fcst,昌鴻,CHAN-HOM,202615,138.4,38.533,12.667,18.333,1003.333,40,0,3,,-999,-999,,-999
CHAN-HOM_cwb_2026080714,113,2026-08-12 07:00,fcst,昌鴻,CHAN-HOM,202615,138.088,38.567,12.333,17.917,1003.667,35,0,3,,-999,-999,,-999
CHAN-HOM_cwb_2026080714,114,2026-08-12 08:00,fcst,昌鴻,CHAN-HOM,202615,137.775,38.6,12,17.5,1004,30,0,2,,-999,-999,,-999
CHAN-HOM_cwb_2026080714,115,2026-08-12 09:00,fcst,昌鴻,CHAN-HOM,202615,137.463,38.633,11.667,17.083,1004.333,25,0,3,,-999,-999,,-999
CHAN-HOM_cwb_2026080714,116,2026-08-12 10:00,fcst,昌鴻,CHAN-HOM,202615,137.15,38.667,11.333,16.667,1004.667,20,0,3,,-999,-999,,-999
CHAN-HOM_cwb_2026080714,117,2026-08-12 11:00,fcst,昌鴻,CHAN-HOM,202615,136.838,38.7,11,16.25,1005,15,0,3,,-999,-999,,-999
CHAN-HOM_cwb_2026080714,118,2026-08-12 12:00,fcst,昌鴻,CHAN-HOM,202615,136.525,38.733,10.667,15.833,1005.333,10,0,3,,-999,-999,,-999
CHAN-HOM_cwb_2026080714,119,2026-08-12 13:00,fcst,昌鴻,CHAN-HOM,202615,136.213,38.767,10.333,15.417,1005.667,5,0,3,,-999,-999,,-999
CHAN-HOM_cwb_2026080714,120,2026-08-12 14:00,fcst,昌鴻,CHAN-HOM,202615,135.90,38.80,10,15,1006,0,0,1,,-999,-999,,-999
CHAN-HOM_jtwc_2026080714,0,2026-08-07 14:00,fcst,昌鴻,CHAN-HOM,202615,160.40,29.70,-999,-999,-999,-999,-999,1,,-999,-999,,-999
CHAN-HOM_jtwc_2026080714,1,2026-08-08 02:00,fcst,昌鴻,CHAN-HOM,202615,158.40,31.20,-999,-999,-999,-999,-999,1,,-999,-999,,-999
CHAN-HOM_jtwc_2026080714,2,2026-08-08 14:00,fcst,昌鴻,CHAN-HOM,202615,155.80,32.60,-999,-999,-999,-999,-999,1,,-999,-999,,-999
CHAN-HOM_jtwc_2026080714,3,2026-08-09 02:00,fcst,昌鴻,CHAN-HOM,202615,152.70,33.00,-999,-999,-999,-999,-999,1,,-999,-999,,-999
CHAN-HOM_jtwc_2026080714,4,2026-08-09 14:00,fcst,昌鴻,CHAN-HOM,202615,150.80,33.30,-999,-999,-999,-999,-999,1,,-999,-999,,-999
CHAN-HOM_jtwc_2026080714,5,2026-08-10 02:00,fcst,昌鴻,CHAN-HOM,202615,149.70,34.10,-999,-999,-999,-999,-999,1,,-999,-999,,-999
CHAN-HOM_jtwc_2026080714,6,2026-08-10 14:00,fcst,昌鴻,CHAN-HOM,202615,148.40,35.50,-999,-999,-999,-999,-999,1,,-999,-999,,-999
CHAN-HOM_jtwc_2026080714,7,2026-08-11 14:00,fcst,昌鴻,CHAN-HOM,202615,143.10,38.40,-999,-999,-999,-999,-999,1,,-999,-999,,-999
CHAN-HOM_jtwc_2026080714,8,2026-08-12 14:00,fcst,昌鴻,CHAN-HOM,202615,136.70,39.80,-999,-999,-999,-999,-999,1,,-999,-999,,-999
DOLPHIN_jtwc_2026080714,0,2026-08-07 14:00,fcst,白海豚,DOLPHIN,202613,128.10,26.70,-999,-999,-999,-999,-999,1,,-999,-999,,-999
DOLPHIN_jtwc_2026080714,1,2026-08-08 02:00,fcst,白海豚,DOLPHIN,202613,126.60,26.60,-999,-999,-999,-999,-999,1,,-999,-999,,-999
DOLPHIN_jtwc_2026080714,2,2026-08-08 14:00,fcst,白海豚,DOLPHIN,202613,125.30,26.70,-999,-999,-999,-999,-999,1,,-999,-999,,-999
DOLPHIN_jtwc_2026080714,3,2026-08-09 02:00,fcst,白海豚,DOLPHIN,202613,123.90,26.90,-999,-999,-999,-999,-999,1,,-999,-999,,-999
DOLPHIN_jtwc_2026080714,4,2026-08-09 14:00,fcst,白海豚,DOLPHIN,202613,122.30,27.30,-999,-999,-999,-999,-999,1,,-999,-999,,-999
DOLPHIN_jtwc_2026080714,5,2026-08-10 02:00,fcst,白海豚,DOLPHIN,202613,120.80,27.80,-999,-999,-999,-999,-999,1,,-999,-999,,-999
DOLPHIN_jtwc_2026080714,6,2026-08-10 14:00,fcst,白海豚,DOLPHIN,202613,119.30,28.50,-999,-999,-999,-999,-999,1,,-999,-999,,-999
DOLPHIN_jtwc_2026080714,7,2026-08-11 14:00,fcst,白海豚,DOLPHIN,202613,116.90,30.20,-999,-999,-999,-999,-999,1,,-999,-999,,-999
DOLPHIN_jma_2026080714,0,2026-08-07 14:00,fcst,白海豚,DOLPHIN,202613,128.00,26.70,-999,-999,-999,-999,-999,1,,-999,-999,,-999
DOLPHIN_jma_2026080714,1,2026-08-08 02:00,fcst,白海豚,DOLPHIN,202613,126.60,26.90,-999,-999,-999,-999,-999,1,,-999,-999,,-999
DOLPHIN_jma_2026080714,2,2026-08-08 02:00,fcst,白海豚,DOLPHIN,202613,126.60,26.90,-999,-999,-999,-999,-999,1,,-999,-999,,-999
DOLPHIN_jma_2026080714,3,2026-08-08 14:00,fcst,白海豚,DOLPHIN,202613,125.60,26.90,-999,-999,-999,-999,-999,1,,-999,-999,,-999
DOLPHIN_jma_2026080714,4,2026-08-08 14:00,fcst,白海豚,DOLPHIN,202613,125.60,26.90,-999,-999,-999,-999,-999,1,,-999,-999,,-999
DOLPHIN_jma_2026080714,5,2026-08-09 14:00,fcst,白海豚,DOLPHIN,202613,122.90,27.70,-999,-999,-999,-999,-999,1,,-999,-999,,-999
DOLPHIN_jma_2026080714,6,2026-08-09 14:00,fcst,白海豚,DOLPHIN,202613,122.90,27.70,-999,-999,-999,-999,-999,1,,-999,-999,,-999
DOLPHIN_jma_2026080714,7,2026-08-10 14:00,fcst,白海豚,DOLPHIN,202613,119.90,28.80,-999,-999,-999,-999,-999,1,,-999,-999,,-999
DOLPHIN_jma_2026080714,8,2026-08-10 14:00,fcst,白海豚,DOLPHIN,202613,119.90,28.80,-999,-999,-999,-999,-999,1,,-999,-999,,-999
DOLPHIN_jma_2026080714,9,2026-08-11 14:00,fcst,白海豚,DOLPHIN,202613,117.20,30.60,-999,-999,-999,-999,-999,1,,-999,-999,,-999
DOLPHIN_jma_2026080714,10,2026-08-11 14:00,fcst,白海豚,DOLPHIN,202613,117.20,30.60,-999,-999,-999,-999,-999,1,,-999,-999,,-999
DOLPHIN_jma_2026080714,11,2026-08-12 14:00,fcst,白海豚,DOLPHIN,202613,116.50,32.30,-999,-999,-999,-999,-999,1,,-999,-999,,-999
CHAN-HOM_jma_2026080714,0,2026-08-07 14:00,fcst,昌鴻,CHAN-HOM,202615,160.30,29.70,-999,-999,-999,-999,-999,1,,-999,-999,,-999
CHAN-HOM_jma_2026080714,1,2026-08-08 02:00,fcst,昌鴻,CHAN-HOM,202615,158.50,31.60,-999,-999,-999,-999,-999,1,,-999,-999,,-999
CHAN-HOM_jma_2026080714,2,2026-08-08 14:00,fcst,昌鴻,CHAN-HOM,202615,155.50,33.20,-999,-999,-999,-999,-999,1,,-999,-999,,-999
CHAN-HOM_jma_2026080714,3,2026-08-09 14:00,fcst,昌鴻,CHAN-HOM,202615,150.10,33.20,-999,-999,-999,-999,-999,1,,-999,-999,,-999
CHAN-HOM_jma_2026080714,4,2026-08-10 14:00,fcst,昌鴻,CHAN-HOM,202615,148.10,35.30,-999,-999,-999,-999,-999,1,,-999,-999,,-999
CHAN-HOM_jma_2026080714,5,2026-08-11 14:00,fcst,昌鴻,CHAN-HOM,202615,141.70,38.40,-999,-999,-999,-999,-999,1,,-999,-999,,-999
CHAN-HOM_jma_2026080714,6,2026-08-12 14:00,fcst,昌鴻,CHAN-HOM,202615,136.80,37.70,-999,-999,-999,-999,-999,1,,-999,-999,,-999
DOLPHIN_kma_2026080714,0,2026-08-07 14:00,fcst,白海豚,DOLPHIN,202613,128.10,26.80,-999,-999,-999,-999,-999,1,,-999,-999,,-999
DOLPHIN_kma_2026080714,1,2026-08-07 14:00,fcst,白海豚,DOLPHIN,202613,128.10,26.80,-999,-999,-999,-999,-999,1,,-999,-999,,-999
DOLPHIN_kma_2026080714,2,2026-08-08 02:00,fcst,白海豚,DOLPHIN,202613,126.20,27.00,-999,-999,-999,-999,-999,1,,-999,-999,,-999
DOLPHIN_kma_2026080714,3,2026-08-08 02:00,fcst,白海豚,DOLPHIN,202613,126.20,27.00,-999,-999,-999,-999,-999,1,,-999,-999,,-999
DOLPHIN_kma_2026080714,4,2026-08-08 14:00,fcst,白海豚,DOLPHIN,202613,125.30,27.10,-999,-999,-999,-999,-999,1,,-999,-999,,-999
DOLPHIN_kma_2026080714,5,2026-08-08 14:00,fcst,白海豚,DOLPHIN,202613,125.30,27.10,-999,-999,-999,-999,-999,1,,-999,-999,,-999
DOLPHIN_kma_2026080714,6,2026-08-09 02:00,fcst,白海豚,DOLPHIN,202613,124.00,27.30,-999,-999,-999,-999,-999,1,,-999,-999,,-999
DOLPHIN_kma_2026080714,7,2026-08-09 02:00,fcst,白海豚,DOLPHIN,202613,124.00,27.30,-999,-999,-999,-999,-999,1,,-999,-999,,-999
DOLPHIN_kma_2026080714,8,2026-08-09 14:00,fcst,白海豚,DOLPHIN,202613,122.40,27.60,-999,-999,-999,-999,-999,1,,-999,-999,,-999
DOLPHIN_kma_2026080714,9,2026-08-10 14:00,fcst,白海豚,DOLPHIN,202613,119.20,28.60,-999,-999,-999,-999,-999,1,,-999,-999,,-999
DOLPHIN_kma_2026080714,10,2026-08-11 14:00,fcst,白海豚,DOLPHIN,202613,117.00,30.20,-999,-999,-999,-999,-999,1,,-999,-999,,-999
CHAN-HOM_kma_2026080714,0,2026-08-07 14:00,fcst,昌鴻,CHAN-HOM,202615,160.40,29.70,-999,-999,-999,-999,-999,1,,-999,-999,,-999
CHAN-HOM_kma_2026080714,1,2026-08-08 02:00,fcst,昌鴻,CHAN-HOM,202615,158.50,31.50,-999,-999,-999,-999,-999,1,,-999,-999,,-999
CHAN-HOM_kma_2026080714,2,2026-08-08 14:00,fcst,昌鴻,CHAN-HOM,202615,155.70,32.90,-999,-999,-999,-999,-999,1,,-999,-999,,-999
CHAN-HOM_kma_2026080714,3,2026-08-09 02:00,fcst,昌鴻,CHAN-HOM,202615,152.10,33.20,-999,-999,-999,-999,-999,1,,-999,-999,,-999
CHAN-HOM_kma_2026080714,4,2026-08-09 14:00,fcst,昌鴻,CHAN-HOM,202615,150.80,33.30,-999,-999,-999,-999,-999,1,,-999,-999,,-999
CHAN-HOM_kma_2026080714,5,2026-08-10 14:00,fcst,昌鴻,CHAN-HOM,202615,148.80,35.40,-999,-999,-999,-999,-999,1,,-999,-999,,-999
CHAN-HOM_kma_2026080714,6,2026-08-11 14:00,fcst,昌鴻,CHAN-HOM,202615,142.60,38.30,-999,-999,-999,-999,-999,1,,-999,-999,,-999
CHAN-HOM_kma_2026080714,7,2026-08-12 14:00,fcst,昌鴻,CHAN-HOM,202615,137.50,38.00,-999,-999,-999,-999,-999,1,,-999,-999,,-999
CHAN-HOM_nmc_2026080711,0,2026-08-07 11:00,fcst,昌鴻,CHAN-HOM,202615,160.30,29.50,-999,-999,-999,-999,-999,1,,-999,-999,,-999
CHAN-HOM_nmc_2026080711,1,2026-08-07 23:00,fcst,昌鴻,CHAN-HOM,202615,158.90,31.20,-999,-999,-999,-999,-999,1,,-999,-999,,-999
CHAN-HOM_nmc_2026080711,2,2026-08-07 23:00,fcst,昌鴻,CHAN-HOM,202615,158.90,31.20,-999,-999,-999,-999,-999,1,,-999,-999,,-999
CHAN-HOM_nmc_2026080711,3,2026-08-08 11:00,fcst,昌鴻,CHAN-HOM,202615,156.50,32.70,-999,-999,-999,-999,-999,1,,-999,-999,,-999
CHAN-HOM_nmc_2026080711,4,2026-08-08 11:00,fcst,昌鴻,CHAN-HOM,202615,156.50,32.70,-999,-999,-999,-999,-999,1,,-999,-999,,-999
CHAN-HOM_nmc_2026080711,5,2026-08-08 23:00,fcst,昌鴻,CHAN-HOM,202615,153.00,33.70,-999,-999,-999,-999,-999,1,,-999,-999,,-999
CHAN-HOM_nmc_2026080711,6,2026-08-08 23:00,fcst,昌鴻,CHAN-HOM,202615,153.00,33.70,-999,-999,-999,-999,-999,1,,-999,-999,,-999
CHAN-HOM_nmc_2026080711,7,2026-08-09 11:00,fcst,昌鴻,CHAN-HOM,202615,151.20,33.80,-999,-999,-999,-999,-999,1,,-999,-999,,-999
CHAN-HOM_nmc_2026080711,8,2026-08-09 11:00,fcst,昌鴻,CHAN-HOM,202615,151.20,33.80,-999,-999,-999,-999,-999,1,,-999,-999,,-999
CHAN-HOM_nmc_2026080711,9,2026-08-09 23:00,fcst,昌鴻,CHAN-HOM,202615,149.80,34.30,-999,-999,-999,-999,-999,1,,-999,-999,,-999
CHAN-HOM_nmc_2026080711,10,2026-08-09 23:00,fcst,昌鴻,CHAN-HOM,202615,149.80,34.30,-999,-999,-999,-999,-999,1,,-999,-999,,-999
CHAN-HOM_nmc_2026080711,11,2026-08-10 11:00,fcst,昌鴻,CHAN-HOM,202615,148.30,35.50,-999,-999,-999,-999,-999,1,,-999,-999,,-999
CHAN-HOM_nmc_2026080711,12,2026-08-11 11:00,fcst,昌鴻,CHAN-HOM,202615,143.80,38.00,-999,-999,-999,-999,-999,1,,-999,-999,,-999
CHAN-HOM_nmc_2026080711,13,2026-08-12 11:00,fcst,昌鴻,CHAN-HOM,202615,140.40,38.70,-999,-999,-999,-999,-999,1,,-999,-999,,-999
DOLPHIN_nmc_2026080711,0,2026-08-07 11:00,fcst,白海豚,DOLPHIN,202613,128.30,27.10,-999,-999,-999,-999,-999,1,,-999,-999,,-999
DOLPHIN_nmc_2026080711,1,2026-08-07 23:00,fcst,白海豚,DOLPHIN,202613,126.40,27.00,-999,-999,-999,-999,-999,1,,-999,-999,,-999
DOLPHIN_nmc_2026080711,2,2026-08-07 23:00,fcst,白海豚,DOLPHIN,202613,126.40,27.00,-999,-999,-999,-999,-999,1,,-999,-999,,-999
DOLPHIN_nmc_2026080711,3,2026-08-08 11:00,fcst,白海豚,DOLPHIN,202613,125.20,26.90,-999,-999,-999,-999,-999,1,,-999,-999,,-999
DOLPHIN_nmc_2026080711,4,2026-08-08 23:00,fcst,白海豚,DOLPHIN,202613,124.00,27.00,-999,-999,-999,-999,-999,1,,-999,-999,,-999
DOLPHIN_nmc_2026080711,5,2026-08-09 11:00,fcst,白海豚,DOLPHIN,202613,122.70,27.30,-999,-999,-999,-999,-999,1,,-999,-999,,-999
DOLPHIN_nmc_2026080711,6,2026-08-09 23:00,fcst,白海豚,DOLPHIN,202613,120.90,27.80,-999,-999,-999,-999,-999,1,,-999,-999,,-999
DOLPHIN_nmc_2026080711,7,2026-08-10 11:00,fcst,白海豚,DOLPHIN,202613,118.70,28.40,-999,-999,-999,-999,-999,1,,-999,-999,,-999
DOLPHIN_nmc_2026080711,8,2026-08-11 11:00,fcst,白海豚,DOLPHIN,202613,116.60,29.10,-999,-999,-999,-999,-999,1,,-999,-999,,-999
DOLPHIN_nmc_2026080711,9,2026-08-12 11:00,fcst,白海豚,DOLPHIN,202613,115.00,29.60,-999,-999,-999,-999,-999,1,,-999,-999,,-999
DOLPHIN_hko_2026080714,0,2026-08-07 14:00,fcst,白海豚,DOLPHIN,202613,128.00,26.80,-999,-999,-999,-999,-999,1,,-999,-999,,-999
DOLPHIN_hko_2026080714,1,2026-08-08 02:00,fcst,白海豚,DOLPHIN,202613,126.50,27.00,-999,-999,-999,-999,-999,1,,-999,-999,,-999
DOLPHIN_hko_2026080714,2,2026-08-08 14:00,fcst,白海豚,DOLPHIN,202613,125.40,27.00,-999,-999,-999,-999,-999,1,,-999,-999,,-999
DOLPHIN_hko_2026080714,3,2026-08-09 02:00,fcst,白海豚,DOLPHIN,202613,124.20,27.40,-999,-999,-999,-999,-999,1,,-999,-999,,-999
DOLPHIN_hko_2026080714,4,2026-08-09 14:00,fcst,白海豚,DOLPHIN,202613,122.80,28.00,-999,-999,-999,-999,-999,1,,-999,-999,,-999
DOLPHIN_hko_2026080714,5,2026-08-10 02:00,fcst,白海豚,DOLPHIN,202613,121.30,28.50,-999,-999,-999,-999,-999,1,,-999,-999,,-999
DOLPHIN_hko_2026080714,6,2026-08-10 14:00,fcst,白海豚,DOLPHIN,202613,119.80,29.60,-999,-999,-999,-999,-999,1,,-999,-999,,-999
DOLPHIN_hko_2026080714,7,2026-08-11 02:00,fcst,白海豚,DOLPHIN,202613,117.90,31.10,-999,-999,-999,-999,-999,1,,-999,-999,,-999
DOLPHIN_hko_2026080714,8,2026-08-11 14:00,fcst,白海豚,DOLPHIN,202613,116.40,32.00,-999,-999,-999,-999,-999,1,,-999,-999,,-999
DOLPHIN_hko_2026080714,9,2026-08-12 02:00,fcst,白海豚,DOLPHIN,202613,115.90,32.40,-999,-999,-999,-999,-999,1,,-999,-999,,-999
DOLPHIN_hko_2026080714,10,2026-08-12 14:00,fcst,白海豚,DOLPHIN,202613,115.90,32.90,-999,-999,-999,-999,-999,1,,-999,-999,,-999
TD202614_obs_2026080708,0,2026-07-27 02:00,past,熱帶低壓,TD14,202614,179.80,12.90,15,23,0,0,0,1,,-999,-999,,-999
TD202614_obs_2026080708,1,2026-07-27 08:00,past,熱帶低壓,TD14,202614,178.40,12.90,15,23,0,0,0,1,,-999,-999,,-999
TD202614_obs_2026080708,2,2026-07-27 14:00,past,熱帶低壓,TD14,202614,177.00,13.30,18,25,0,80,0,1,,-999,-999,,-999
TD202614_obs_2026080708,3,2026-07-27 20:00,past,熱帶低壓,TD14,202614,175.10,13.60,18,25,0,80,0,1,,-999,-999,,-999
TD202614_obs_2026080708,4,2026-07-28 02:00,past,熱帶低壓,TD14,202614,173.50,13.50,25,33,0,100,0,1,,-999,-999,,-999
TD202614_obs_2026080708,5,2026-07-28 08:00,past,熱帶低壓,TD14,202614,172.70,13.00,28,35,0,120,0,1,,-999,-999,,-999
TD202614_obs_2026080708,6,2026-07-28 14:00,past,熱帶低壓,TD14,202614,171.60,13.20,35,45,0,120,0,1,,-999,-999,,-999
TD202614_obs_2026080708,7,2026-07-28 20:00,past,熱帶低壓,TD14,202614,170.70,13.50,40,50,0,150,0,1,,-999,-999,,-999
TD202614_obs_2026080708,8,2026-07-29 02:00,past,熱帶低壓,TD14,202614,169.90,13.70,48,58,0,200,0,1,,-999,-999,,-999
TD202614_obs_2026080708,9,2026-07-29 08:00,past,熱帶低壓,TD14,202614,169.10,14.10,48,58,0,200,0,1,,-999,-999,,-999
TD202614_obs_2026080708,10,2026-07-29 14:00,past,熱帶低壓,TD14,202614,168.20,14.70,48,58,0,200,0,1,,-999,-999,,-999
TD202614_obs_2026080708,11,2026-07-29 20:00,past,熱帶低壓,TD14,202614,167.60,15.20,55,68,0,200,0,1,,-999,-999,,-999
TD202614_obs_2026080708,12,2026-07-30 02:00,past,熱帶低壓,TD14,202614,166.70,15.80,60,75,0,200,0,1,,-999,-999,,-999
TD202614_obs_2026080708,13,2026-07-30 08:00,past,熱帶低壓,TD14,202614,165.70,16.40,60,75,0,220,0,1,,-999,-999,,-999
TD202614_obs_2026080708,14,2026-07-30 14:00,past,熱帶低壓,TD14,202614,164.90,16.70,60,75,0,220,0,1,,-999,-999,,-999
TD202614_obs_2026080708,15,2026-07-30 20:00,past,熱帶低壓,TD14,202614,163.80,17.40,60,75,0,220,0,1,,-999,-999,,-999
TD202614_obs_2026080708,16,2026-07-31 02:00,past,熱帶低壓,TD14,202614,163.00,17.80,60,75,0,220,0,1,,-999,-999,,-999
TD202614_obs_2026080708,17,2026-07-31 08:00,past,熱帶低壓,TD14,202614,161.90,18.20,60,75,0,250,0,1,,-999,-999,,-999
TD202614_obs_2026080708,18,2026-07-31 14:00,past,熱帶低壓,TD14,202614,160.90,18.60,60,75,0,250,0,1,,-999,-999,,-999
TD202614_obs_2026080708,19,2026-07-31 20:00,past,熱帶低壓,TD14,202614,160.10,19.10,55,68,0,300,0,1,,-999,-999,,-999
TD202614_obs_2026080708,20,2026-08-01 02:00,past,熱帶低壓,TD14,202614,159.10,19.80,55,68,0,300,0,1,,-999,-999,,-999
TD202614_obs_2026080708,21,2026-08-01 08:00,past,熱帶低壓,TD14,202614,158.30,20.10,53,65,0,300,0,1,,-999,-999,,-999
TD202614_obs_2026080708,22,2026-08-01 14:00,past,熱帶低壓,TD14,202614,157.50,20.80,51,63,0,300,0,1,,-999,-999,,-999
TD202614_obs_2026080708,23,2026-08-01 20:00,past,熱帶低壓,TD14,202614,156.20,21.50,51,63,0,300,0,1,,-999,-999,,-999
TD202614_obs_2026080708,24,2026-08-02 02:00,past,熱帶低壓,TD14,202614,155.00,22.10,51,63,0,300,0,1,,-999,-999,,-999
TD202614_obs_2026080708,25,2026-08-02 08:00,past,熱帶低壓,TD14,202614,153.40,22.70,51,63,0,320,0,1,,-999,-999,,-999
TD202614_obs_2026080708,26,2026-08-02 14:00,past,熱帶低壓,TD14,202614,152.20,23.20,48,58,0,320,0,1,,-999,-999,,-999
TD202614_obs_2026080708,27,2026-08-02 20:00,past,熱帶低壓,TD14,202614,150.80,23.50,45,55,0,320,0,1,,-999,-999,,-999
TD202614_obs_2026080708,28,2026-08-03 02:00,past,熱帶低壓,TD14,202614,149.50,23.90,45,55,0,320,0,1,,-999,-999,,-999
TD202614_obs_2026080708,29,2026-08-03 08:00,past,熱帶低壓,TD14,202614,148.40,24.30,43,53,0,320,0,1,,-999,-999,,-999
TD202614_obs_2026080708,30,2026-08-03 14:00,past,熱帶低壓,TD14,202614,147.20,24.90,40,50,0,320,0,1,,-999,-999,,-999
TD202614_obs_2026080708,31,2026-08-03 20:00,past,熱帶低壓,TD14,202614,145.60,25.00,40,50,0,320,0,1,,-999,-999,,-999
TD202614_obs_2026080708,32,2026-08-04 02:00,past,熱帶低壓,TD14,202614,144.10,25.10,40,50,0,320,0,1,,-999,-999,,-999
TD202614_obs_2026080708,33,2026-08-04 08:00,past,熱帶低壓,TD14,202614,143.10,25.10,43,53,0,320,0,1,,-999,-999,,-999
TD202614_obs_2026080708,34,2026-08-04 14:00,past,熱帶低壓,TD14,202614,141.90,25.30,45,55,0,320,0,1,,-999,-999,,-999
TD202614_obs_2026080708,35,2026-08-04 20:00,past,熱帶低壓,TD14,202614,140.60,25.20,45,55,0,320,0,1,,-999,-999,,-999
TD202614_obs_2026080708,36,2026-08-05 02:00,past,熱帶低壓,TD14,202614,139.30,25.30,45,55,0,320,0,1,,-999,-999,,-999
TD202614_obs_2026080708,37,2026-08-05 08:00,past,熱帶低壓,TD14,202614,138.20,25.50,45,55,0,320,0,1,,-999,-999,,-999
TD202614_obs_2026080708,38,2026-08-05 14:00,past,熱帶低壓,TD14,202614,137.20,25.70,43,53,0,320,0,1,,-999,-999,,-999
TD202614_obs_2026080708,39,2026-08-05 20:00,past,熱帶低壓,TD14,202614,136.00,26.00,43,53,0,320,0,1,,-999,-999,,-999
TD202614_obs_2026080708,40,2026-08-06 02:00,past,熱帶低壓,TD14,202614,135.00,26.30,43,53,0,320,0,1,,-999,-999,,-999
TD202614_obs_2026080708,41,2026-08-06 08:00,past,熱帶低壓,TD14,202614,133.60,26.30,43,53,0,320,0,1,,-999,-999,,-999
TD202614_obs_2026080708,42,2026-08-06 14:00,past,熱帶低壓,TD14,202614,132.60,26.40,40,50,0,300,0,1,,-999,-999,,-999
TD202614_obs_2026080708,43,2026-08-06 20:00,past,熱帶低壓,TD14,202614,131.40,26.50,38,48,0,280,0,1,,-999,-999,,-999
TD202614_obs_2026080708,44,2026-08-07 02:00,past,熱帶低壓,TD14,202614,130.40,26.90,38,48,0,280,0,1,,-999,-999,,-999
TD202614_obs_2026080708,45,2026-08-07 08:00,curr,熱帶低壓,TD14,202614,128.90,27.10,38,48,0,280,0,1,,-999,-999,,-999
TD202614_cwb_2026080708,0,2026-08-07 08:00,fcst,熱帶低壓,TD14,202614,128.90,27.10,38,48,0,280,0,1,,-999,-999,,-999
TD202614_cwb_2026080708,1,2026-08-07 14:00,fcst,熱帶低壓,TD14,202614,128.10,27.00,38,48,0,280,0,1,,-999,-999,,-999
TD202614_cwb_2026080708,2,2026-08-07 20:00,fcst,熱帶低壓,TD14,202614,127.20,26.90,38,48,0,280,0,1,,-999,-999,,-999
TD202614_cwb_2026080708,3,2026-08-08 02:00,fcst,熱帶低壓,TD14,202614,126.50,26.90,38,48,0,280,0,1,,-999,-999,,-999
TD202614_cwb_2026080708,4,2026-08-08 08:00,fcst,熱帶低壓,TD14,202614,125.80,26.90,38,48,0,280,0,1,,-999,-999,,-999
TD202614_cwb_2026080708,5,2026-08-08 20:00,fcst,熱帶低壓,TD14,202614,124.70,27.00,38,48,0,250,0,1,,-999,-999,,-999
TD202614_cwb_2026080708,6,2026-08-09 08:00,fcst,熱帶低壓,TD14,202614,123.50,27.20,33,43,0,250,0,1,,-999,-999,,-999
TD202614_cwb_2026080708,7,2026-08-10 08:00,fcst,熱帶低壓,TD14,202614,120.30,28.30,28,35,0,180,0,1,,-999,-999,,-999
TD202614_cwb_2026080708,8,2026-08-11 08:00,fcst,熱帶低壓,TD14,202614,117.70,29.50,20,28,0,80,0,1,,-999,-999,,-999
TD202614_cwb_2026080708,9,2026-08-12 08:00,fcst,熱帶低壓,TD14,202614,116.30,30.30,10,15,0,0,0,1,,-999,-999,,-999